query_hist,current_time
用户:下周一下午3点有个展会，记录一下; 你:下周一下午3点到5点已经约好去健身了。展会要换个时间吗？; 用户:改到周一15点。; 你:好的，会持续多久啊？; 用户:大概2小时吧。; 你:提前半小时叫你，成不？; 用户:ok,2025-06-27 04:00:31
用户:下周二9点有个应酬，帮我记一下; 你:下周二9点到11点已经有健身安排了。应酬要换个时间吗？; 用户:改到周二9点。; 你:好的，会持续多久啊？; 用户:大概2小时吧。; 你:提前15分钟叫你，成不？; 用户:ok,2025-06-27 04:00:31
用户:下周三晚上7点有个客户会议，帮我记一下; 你:下周三晚上7点到8点已经有健身课程了。客户会议要换个时间吗？; 用户:改到周三19点。; 你:好的，会持续多久啊？; 用户:大概2小时吧。; 你:提前3小时叫你，成不？; 用户:ok,2025-06-27 04:00:31
用户:下周五晚上7点有个应酬，帮我记一下; 你:下周五晚上7点到8点已经安排健身了。应酬要换个时间吗？; 用户:改到周五19点; 你:好的，会持续多久啊？; 用户:大概1小时吧; 你:提前1小时叫你，成不？; 用户:ok,2025-06-27 04:00:31
用户:下周六下午4点想去健身，帮我记一下; 你:下周六下午4点到6点已经安排购物了。健身要换个时间吗？; 用户:改到周六16点吧; 你:好的，大概要练多久啊？; 用户:大概2小时吧; 你:提前15分钟提醒你，可以吗？; 用户:ok,2025-06-27 04:00:31
用户:下周日13点有个医生预约，记录一下; 你:下周日13点到14点已经有健身课程了。医生预约要换个时间吗？; 用户:改到周日13点。; 你:好的，会持续多久啊？; 用户:大概1小时吧。; 你:提前半小时叫你，成不？; 用户:ok,2025-06-27 04:00:31
用户:下周天晚上8点有个读书会，帮我记一下; 你:下周天晚上8点到9点已经有健身课了。读书会要换个时间吗？; 用户:改到周天20点。; 你:好的，会持续多久啊？; 用户:大概2小时吧。; 你:提前1小时叫你，成不？; 用户:ok,2025-06-27 04:00:31
用户:下周一晚上8点有个应酬，帮我记下; 你:下周一晚上8点到9点已经有健身计划了。应酬要换个时间吗？; 用户:改到周一20点。; 你:好的，会持续多久啊？; 用户:大概1小时吧。; 你:提前1小时叫你，成不？; 用户:ok,2025-06-29 02:05:38
用户:下周二下午3点有个展会要参加; 你:下周二下午3点到4点已经安排体检了。展会要换个时间吗？; 用户:改到周二15点; 你:好的，会持续多久啊？; 用户:大概2小时吧; 你:提前15分钟叫你，成不？; 用户:ok,2025-06-29 02:05:38
用户:下周三晚上8点有个工作会议，帮我记一下; 你:下周三晚上8点到9点这会儿已经在健身训练了。工作会议要不要换个时间？; 用户:改到周三20点。; 你:好的，会持续多久啊？; 用户:大概1小时吧。; 你:提前2小时叫你，行吗？; 用户:可以,2025-06-29 02:05:38
用户:下周四16点有个健身课，记一下; 你:下周四16点到17点已经安排了看牙医。健身课要改个时间吗？; 用户:改到周四16点。; 你:好的，要上多久啊？; 用户:大概1小时吧。; 你:提前半小时叫你，可以吗？; 用户:ok,2025-06-29 02:05:38
用户:下周五8点有个展会要去; 你:下周五8点到9点已经安排健身了。展会要换个时间吗？; 用户:改到周五8点。; 你:好的，会持续多久啊？; 用户:大概2小时吧。; 你:提前半小时叫你，成不？; 用户:ok,2025-06-29 02:05:38
用户:下周天下午四点要去看牙医; 你:下周天下午四点到六点已经安排健身了。看牙医要换个时间吗？; 用户:改到周天下午四点; 你:好的，会持续多久啊？; 用户:大概两小时吧; 你:提前两小时叫你，成不？; 用户:ok,2025-06-29 02:05:38
用户:帮我记一下下周三11点有个客户约见; 你:下周三11点到12点已经有项目例会了。客户约见要换个时间吗？; 用户:改到周三11点。; 你:好的，会持续多久啊？; 用户:大概2小时吧。; 你:提前15分钟叫你，成不？; 用户:ok,2025-06-25 01:33:19
用户:帮我记一下下周四8点有个部门例会; 你:下周四8点到9点已经有客户拜访了。部门例会要换个时间吗？; 用户:改到周四8点。; 你:好的，会持续多久啊？; 用户:大概1小时吧。; 你:提前15分钟叫你，成不？; 用户:ok,2025-06-25 01:33:19
用户:下周三12点有个项目会议，帮我记一下; 你:下周三12点到下午1点已经安排了健身训练。项目会议要换个时间吗？; 用户:改到周三12点。; 你:好的，会持续多久啊？; 用户:大概2小时吧。; 你:提前15分钟叫你，成不？; 用户:ok,2025-06-30 05:50:17
用户:帮我记下周一下午2点有个产品会议; 你:好的，什么时间提醒你？; 用户:提前半小时提醒我,2025-06-24 03:32:18
用户:帮我记下周二晚上8点有个健身课; 你:好的，什么时间提醒你？; 用户:提前1小时提醒我,2025-06-24 03:32:18
用户:帮我记下周六早上8点有个家庭聚餐; 你:好的，什么时间提醒你呢？; 用户:提前3小时提醒我,2025-06-24 03:32:18
用户:帮我记下周日晚上6点有个团队聚餐; 你:好的，会持续多久啊？; 用户:大概2小时吧。; 你:提前3小时叫你，成不？; 用户:ok,2025-06-24 03:32:18
用户:帮我记一下周四中午12点有个项目汇报会; 你:周四12点到下午1点已经有部门例会了。项目汇报会要换个时间吗？; 用户:改到下周四12点吧。; 你:好的，会持续多久啊？; 用户:大概2小时吧。; 你:提前3小时叫你，成不？; 用户:ok,2025-06-24 03:32:18
用户:帮我记下周一晚上6点有个项目会议; 你:好的，会持续多久啊？; 用户:大概2小时吧。; 你:什么时间提醒你？; 用户:提前1小时提醒我,2025-06-25 01:33:19
用户:帮我记下周二下午2点有个客户约见; 你:好的，需要持续多长时间啊？; 用户:大概2小时吧; 你:提前3小时叫你，可以吗？; 用户:好的,2025-06-25 01:33:19
用户:帮我记下周五13点有个客户约见; 你:周五下午1点已经有供应商会议了。客户约见要换个时间吗？; 用户:改到周五上午10点吧; 你:好嘞，提前3小时叫你，成不？; 用户:可以,2025-06-25 01:33:19
用户:帮我记一下周六11点有个项目会议; 你:周六11点到12点已经有客户拜访了。项目会议要换个时间吗？; 用户:改到下午1点吧; 你:好的，会持续多久啊？; 用户:大概1小时吧; 你:提前1小时叫你，成不？; 用户:ok,2025-06-25 01:33:19
用户:帮我记下周日中午12点有个客户约见; 你:好的，这个约见大概要多久啊？; 用户:大概2小时吧; 你:提前半小时提醒你，可以吗？; 用户:行,2025-06-25 01:33:19
用户:帮我记下周二下午4点有个项目会议; 你:好的，这个会要开多久啊？; 用户:大概1个小时吧; 你:提前3小时提醒你，可以吗？; 用户:ok,2025-06-26 01:21:47
用户:帮我记下周三下午2点有个项目会议; 你:好的，会持续多久啊？; 用户:大概1小时吧。; 你:什么时间提醒你？; 用户:提前15分钟提醒我,2025-06-26 01:21:47
用户:帮我记下周四11点有个团队会议; 你:好的，什么时间提醒你？; 用户:提前3小时提醒我,2025-06-26 01:21:47
用户:帮我记下周五晚上6点有个朋友聚餐; 你:好的，会持续多久啊？; 用户:大概2小时吧。; 你:什么时间提醒你？; 用户:提前半小时提醒我,2025-06-26 01:21:47
用户:帮我记下周六下午4点有个项目讨论会; 你:好的，会持续多久啊？; 用户:大概2小时吧; 你:什么时间提醒你？; 用户:提前1小时提醒我,2025-06-26 01:21:47
用户:帮我记下周日早上10点有个项目汇报会; 你:好的，这个会大概要开多久呀？; 用户:差不多1小时吧; 你:那我提前半小时提醒你准备可以吗？; 用户:ok,2025-06-26 01:21:47
用户:帮我记下周一下午3点有个项目会议; 你:好的，大概要开多久啊？; 用户:差不多2小时吧; 你:提前半小时提醒你，行吗？; 用户:可以,2025-06-27 04:00:31
用户:帮我记一下周三7点有个项目例会; 你:周三7点到8点已经有客户约谈了。项目例会要换个时间吗？; 用户:改到19点吧。; 你:好的，会持续多久啊？; 用户:大概2小时吧。; 你:提前3小时叫你，成不？; 用户:ok,2025-06-27 04:00:31
用户:帮我记下周四13点有个团队会议; 你:好的，什么时间提醒你呀？; 用户:提前2小时提醒我,2025-06-27 04:00:31
用户:帮我记下周五晚上7点有个部门聚餐; 你:好的，大概要聚多久啊？; 用户:大概1小时吧。; 你:什么时间提醒你？; 用户:提前1小时提醒我,2025-06-27 04:00:31
用户:帮我记下周六16点有个客户接待; 你:好的，大概要接待多久啊？; 用户:差不多2小时吧; 你:提前15分钟叫你，可以吗？; 用户:好的,2025-06-27 04:00:31
用户:帮我记下周一11点要去看牙医; 你:好的，大概要看多久啊？; 用户:差不多1小时吧; 你:什么时间提醒你？; 用户:提前15分钟提醒我,2025-06-28 01:02:51
用户:帮我记下周三10点有个产品会议; 你:好的，这个会大概要开多久呀？; 用户:大概2小时吧; 你:提前2小时提醒你可以吗？; 用户:没问题,2025-06-28 01:02:51
用户:帮我记下周五16点有个部门例会; 你:好的，会持续多久啊？; 用户:大概2小时吧; 你:什么时间提醒你？; 用户:提前3小时提醒我,2025-06-28 01:02:51
用户:帮我记一下周日14点有个健身课; 你:周日14点到15点已经有客户约见了。健身课要换个时间吗？; 用户:改到10点。; 你:好的，会持续多久啊？; 用户:大概2小时吧。; 你:提前1小时叫你，成不？; 用户:ok,2025-06-28 01:02:51
用户:帮我记下周日晚上8点有个瑜伽课; 你:好的，会持续多久啊？; 用户:大概1小时吧; 你:什么时间提醒你？; 用户:提前半小时提醒我,2025-06-28 01:02:51
用户:帮我记下周一晚上8点有个团队会议; 你:好的，会持续多久啊？; 用户:大概1小时吧; 你:提前1小时叫你，成不？; 用户:ok,2025-06-29 02:05:38
用户:帮我记下周二下午3点有个访谈; 你:好的，什么时间提醒你？; 用户:提前15分钟提醒我,2025-06-29 02:05:38
用户:帮我记一下周三20点有个健身课; 你:周三20点到21点已经有项目复盘会了。健身课要换个时间吗？; 用户:改到19点。; 你:好的，会持续多久啊？; 用户:大概1小时吧。; 你:提前2小时叫你，成不？; 用户:ok,2025-06-29 02:05:38
用户:帮我记下周五早上8点有个团队会议; 你:好的，这个会议大概要开多久啊？; 用户:差不多2小时吧; 你:那提前半小时提醒你，可以吗？; 用户:没问题,2025-06-29 02:05:38
用户:帮我记一下周日17点有个读书会; 你:周日下午5点到6点已经有健身课了。读书会要换个时间吗？; 用户:改到晚上7点吧; 你:好的，会持续多久啊？; 用户:大概2小时吧; 你:提前15分钟叫你，成不？; 用户:ok,2025-06-29 02:05:38
用户:帮我记一下周天16点有个客户拜访; 你:周天16点到18点已经有团队会议了。客户拜访要换个时间吗？; 用户:改到周天14点。; 你:好的，会持续多久啊？; 用户:大概2小时吧。; 你:提前2小时叫你，成不？; 用户:ok,2025-06-29 02:05:38
用户:帮我记下周日下午1点有个客户约谈; 你:好的，什么时间提醒你？; 用户:提前15分钟提醒我,2025-06-29 02:05:38
用户:帮我记下周一12点有个团队例会; 你:好的，什么时间提醒你？; 用户:提前1小时提醒我,2025-06-30 05:50:17
用户:帮我记一下周二10点有个团队会议; 你:10点到12点已经有客户拜访了。团队会议要换个时间吗？; 用户:改到13点。; 你:好的，大概要开多久啊？; 用户:大概1小时吧。; 你:提前15分钟提醒你，可以吗？; 用户:ok,2025-06-30 05:50:17
用户:帮我记一下周三10点有个项目讨论会; 你:10点到11点已经有团队周会了。项目讨论会要换个时间吗？; 用户:改到12点; 你:好的，会持续多久啊？; 用户:大概2小时吧; 你:提前15分钟叫你，成不？; 用户:成,2025-06-30 05:50:17
用户:帮我记一下周四11点有个项目会议; 你:11点到13点已经有客户拜访了。项目会议要换个时间吗？; 用户:改到16点。; 你:提前1小时叫你，成不？; 用户:好,2025-06-30 05:50:17
用户:帮我记下周五13点有个项目汇报; 你:好的，什么时间提醒你？; 用户:提前2小时提醒我,2025-06-30 05:50:17
用户:帮我记一下周六7点有个闺蜜聚会; 你:7点到9点已经有健身私教课了。闺蜜聚会要换个时间吗？; 用户:改到17点吧。; 你:好的，会持续多久啊？; 用户:大概2小时吧。; 你:提前3小时叫你，成不？; 用户:行,2025-06-30 05:50:17
用户:帮我记下周日8点有个团队会议; 你:8点到9点已经有健身私教课了。闺蜜聚会要换个时间吗？; 用户:改到晚上8点吧。; 你:好的，会持续多久啊？; 用户:大概2小时吧。; 你:什么时间提醒你？; 用户:提前1小时提醒我,2025-06-30 05:50:17
用户:帮我记下周日下午3点有个团队会议; 你:好的，会持续多久啊？; 用户:大概2小时吧。; 你:什么时间提醒你？; 用户:提前1小时提醒我,2025-06-30 05:50:17
用户:记下周三团队聚餐; 你:好嘞，啥时候开始？; 用户:下周三晚上六点开始; 你:下周三下午6点到晚上9点已经有同学聚会了。下周三团队聚餐要换个时间吗？; 用户:改到这周四晚上六点; 你:那我提前多久提醒你呀？; 用户:设置开始前10分钟提醒。,2025-06-30 09:48:18
用户:记下周三团队聚餐; 你:好嘞，啥时候开始？; 用户:下周三晚上六点开始; 你:下周三下午6点到晚上9点已经有同学聚会了。下周三团队聚餐要换个时间吗？; 用户:改到下周四晚上六点; 你:那我提前多久提醒你呀？; 用户:设置开始前10分钟提醒。,2025-06-30 09:48:18
用户:记下周末要洗车; 你:没问题，啥时候提醒你？; 用户:今晚10点提醒我; ,2025-06-26 01:03:23
用户:帮我记下周六同学聚会; 你:好嘞，啥时候开始？多久啊？; 用户:下午三点开始，大概两小时; 你:周六下午3点到下午5点已经有同学聚餐了。同学聚会要换个时间吗？; 用户:那把聚会改到周日下午4点开始吧,2025-06-28 22:54:01
用户:记一下周五晚上8点剧本杀; 你:周五晚上8点提醒你？; 用户:改成周六下午3点提醒,2025-06-30 12:44:54
用户:记下周三团队聚餐; 你:好嘞，啥时候提醒你？; 用户:周三早上9点提醒我,2025-06-30 22:38:38
用户:下周三全天要参加行业峰会; 你:好嘞，在哪儿开呀？; 用户:上海国际会展中心; 你:好的，周三晚上8点提醒你，行不？; 用户:好的，没问题。,2025-06-26 10:25:39
用户:这周日全天家庭日; 你:好嘞，提前一天晚上8点提醒你，行吗？用户:可以,2025-06-24 20:42:31
用户:下周六全天家具采购,2025-06-30 19:51:58
用户:下周六全天美容; 你:提前一天晚上8点提醒你，好吗？; 用户:好的,2025-06-30 19:51:58
用户:下周六全天家长会; 你:提前一天晚上8点提醒你，好吗？; 用户:不用提醒这么早，当天提醒我就行,2025-06-30 19:51:58
用户:下周一全天在家带娃; 你:周一下午4点到晚上8点，还有健身房私教课，带运动服，可能比较赶，在家带娃要换个时间吗？; 用户:私教课能不能改到周二？我想专心带娃周一整天。; 你:没问题，提前多久提醒你？; 用户:30分钟,2025-06-24 08:57:27
用户:下周日全天装修监工; 你:下周日下午5点半到晚上8点，还有志愿者服务，可能比较赶，装修监工要换个时间吗？; 用户:这个时间确实有点赶，要不把志愿者服务请假一下吧;  你:提前一天晚上8点提醒你，好吗？; 用户:好的,2025-06-28 15:59:06
用户:下周三全天外出调研; 你:周三下午6点到晚上8点，还有同学聚会，可能比较赶，外出调研要换个时间吗？; 用户:不用换时间，我可以先参加完调研再赶去聚会。; 你:提前一天晚上8点提醒你，好吗？; 用户:好的,2025-06-28 15:01:18
用户:下周日全天搬家整理; 你:没问题，啥时候提醒你？; 用户:下周三中午十二点提醒,2025-06-27 06:04:26
用户:周六全天家具安装; 你:周六上午9点到晚上8点，还有带孩子看病，可能比较赶，家具安装要换个时间吗？; 用户:好的，那把家具安装改到周日下午吧。; 你:收到，啥时候提醒你？; 用户:提前1小时提醒我,2025-06-27 15:36:21
用户:周三全天设备调试; 你:周三下午两点到晚上8点，还有客户提案，可能比较赶，设备调试要换个时间吗？; 用户:客户提案时间能不能提前到上午？这样下午还能安排设备调试。; 你:没问题，啥时候提醒你？; 用户:不用提醒了，我自己安排。,2025-06-30 20:49:46
用户:下周日全天家庭大扫除; 你:周日上午八点提醒你吗？; 用户:好的，就定在周日上午八点提醒我。  ,2025-06-30 20:47:48
用户:下周五全天行业展会; 你:下午5点还有和老李一起吃早点，可能比较赶，行业展会需要改个时间吗？; 用户:我看看有没有其他时间段可以调整。; 你:OK，啥时候提醒你？; 用户:不用提醒了，改成下周四上午。,2025-06-30 20:48:30
用户:下周一全天在家办公; 你:周一上午8点到晚上8点已经有封闭会议了。在家办公要换个时间吗？; 用户:不用换时间，我可以在会议间隙处理工作。  ; 你:好的，啥时候提醒你？; 用户:上午8点提醒我开始在家办公,2025-06-30 20:50:29
用户:周六全天家具选购; 你:周六上午9点到晚上8点，还有带孩子看病，可能比较赶，家具选购要换个时间吗？; 用户:那把家具选购改到周日吧，周日全天都方便。; 你:周日上午8点到晚上8点已经有搬家整理了。家具选购要换个时间吗？; 用户:不用; 你:好嘞，提前多久提醒你？; 用户:不用提醒,2025-06-30 20:47:45
用户:下周一全天封闭会议; 你:好嘞，在哪儿开会呀？; 用户:公司大会议室; 你:行，提前15分钟提醒你啊？; 用户:好的，没问题。,2025-06-30 20:48:28
用户:下周六全天婚礼彩排; 你:周六上午9点到晚上8点，还有带孩子看病，可能比较赶，婚礼彩排要换个时间吗？; 用户:不用。; 你:好的，提前多久提醒你？; 用户:15分钟,2025-06-30 20:50:11
用户:下周六全天婚礼彩排; 你:周六上午9点到晚上8点，还有带孩子看病，可能比较赶，婚礼彩排要换个时间吗？; 用户:要不把婚礼彩排改到周日吧，那天我上午有空。  ; 你:周日下午3点到晚上8点，还有亲子烘焙，可能比较赶，婚礼彩排要换个时间吗？; 用户:婚礼彩排安排在周日下午1点开始，避开亲子烘焙的时间。  ; 你:收到，会持续多长时间？在哪儿婚礼彩排？; 用户:预计持续4个小时，婚礼彩排地点在朝阳区建国路87号喜来登酒店。,2025-06-30 22:22:18
用户:下周日全天搬家准备; 你:下周日上午八点提醒你？; 用户:取消这个提醒，我改期了。; 你:好嘞，啥时候开始？; 用户:我改成下周六上午九点开始搬家准备。; 你:下周六上午9点到晚上8点，有4个日程，搬家准备要换个时间吗？; 用户:不换了，就这段时间吧。,2025-06-30 22:20:11
用户:下周三全天市场调研; 你:下周三下午3点到晚上8点，还有心理咨询，可能比较赶，市场调研要换个时间吗？; 用户:好的，那把市场调研改到下周四吧。; 你:好的，提前一天晚上8点提醒你，好吗？; 用户:好的，那就提前一天晚上8点提醒我吧。,2025-06-30 22:21:39
用户:下周六全天带孩子复查; 你:下周六上午9点到晚上8点，还有带孩子学习，可能比较赶，带孩子复查要换个时间吗？; 用户:我觉得没问题，就按原计划来。; 你:OK，提前一天晚上8点提醒你成吗？; 用户:好的，没问题。  ,2025-06-30 22:22:21
用户:周日全天整理衣橱; 你:周日上午八点提醒你？; 用户:改成7点吧  ,2025-06-30 22:36:18
